Owner,Location,Description,Item_Code,Quantity
World Vision International,Dubai,"Tarpaulin, woven plastic, 4x6mt",B27161601,23680
WFP/CRS,Subang,"Office, accom. unit, with accessories T",B38713425,5
WFP/CRS,Brindisi,"Prefab, wareh. soft wall,6.5x8mt, ALU O",B27169602,6
CATHOLIC RELIEF SERVICES,Dubai,Handwashing dispenser case,B36221221,50
CATHOLIC RELIEF SERVICES,Dubai,"Motor pump, petrol, KESTREL 101",B43220010,6
WHO-ERM,Dubai,"Emer. kit, diahorrea diseas., It., ORS",B35667101,50
WHO-ERM,Dubai,"Emer. kit, diahorrea diseas., It., Basic",B35667102,3
WHO-ERM,Dubai,"Emer. kit, diahorrea diseas., It., Inf.",B35667108,3
WHO-ERM,Dubai,"Emer. kit, diahorrea diseas., It., Supp.",B35667109,3
IRISH AID,Dubai,"Water tank, collapsible, 5000lt, w/harn",B36956001,20
IRISH AID,Dubai,"Water tank, collapsible,10000lt,w/ramp",B36959202,20
MERCY CORPS,Subang,"Water purification unit, 4cu.m/hrs,Emwat",B43942002,2
IRISH AID,Subang,Soap bar,B36221200,15000
CATHOLIC RELIEF SERVICES,Dubai,"Tarpaulin, woven plastic, 4x6mt",B27161601,5500
MERCY CORPS,Dubai,"Bladder tank, 10,000 L",B36959207,4
World Vision International,Panama,Hygiene Kit without Condom,B36221217,94
WHO-HSE/GAR,Dubai,Toyota Land cruiser Hard top 13 seater,B49162515,2
WHO-HSE/GAR,Dubai,BUNDU Trailer with tools and equipmetns,B49220301,2
NORWAY/OCHA,Brindisi,"Kitchen set, family type",B42912002,2
WFP/CRS,Dubai,"Refueling system, two-by-two",B42236605,1
ACTION CONTRE LA FAIM,Dubai,"Prefab, wareh, soft wall, 10x32 ALU, O",B27169802,1
CATHOLIC RELIEF SERVICES,Dubai,"Rope, multifilament, polyprop.",B36899402,5
CATHOLIC RELIEF SERVICES,Dubai,"Barricade Tape, yellow",B41282902,2
CATHOLIC RELIEF SERVICES,Dubai,"Bucket, steel, 10 lt",B42912011,5
CATHOLIC RELIEF SERVICES,Dubai,"Bucket, plastic, 10lt",B42912012,5
CATHOLIC RELIEF SERVICES,Dubai,Shovel with handle,B42921004,5
CATHOLIC RELIEF SERVICES,Dubai,"Hoe, with handle",B42925104,5
CATHOLIC RELIEF SERVICES,Dubai,Carpentry saw,B42931500,9
CATHOLIC RELIEF SERVICES,Dubai,"Drill machine, 14.4V DC",B42931510,1
CATHOLIC RELIEF SERVICES,Dubai,"Drill bit set, 29 pcs",B42931511,1
CATHOLIC RELIEF SERVICES,Dubai,Screw driver,B42941203,10
CATHOLIC RELIEF SERVICES,Dubai,Measuring tape,B48241801,5
CATHOLIC RELIEF SERVICES,Dubai,Level,B48241802,1
CATHOLIC RELIEF SERVICES,Dubai,Hammer,B48241803,5
CATHOLIC RELIEF SERVICES,Dubai,Miners bar,B48241804,2
CATHOLIC RELIEF SERVICES,Dubai,Tie Wire,B48241805,5
CATHOLIC RELIEF SERVICES,Dubai,Wire cutter,B48241806,4
World Vision International,Subang,"Tarpaulin, woven plastic, 4x6mt",B27161601,16500
World Vision International,Subang,"Tarpaulin,woven plastic,4x6mt with logo",B27161612,6100
WFP/CRS,Accra,"Living, accommodation unit, hard wall T",B38713423,1
WFP VISIBILITY ITEMS,Brindisi,"Sticker, WFP, English, Diam. 20 cm",B27193115,1834
World Vision International,Panama,"Jerry can, collapsible, w/zip, 10lt",B36949101,8998
World Vision International,Panama,"Jerry can, collap. w.zip, 10lt, WVI logo",B36949108,3250
World Vision International,Panama,Cooking set,B42912001,3520
World Vision International,Dubai,"Tarpaulin,woven plastic,4x6mt with logo",B27161612,6000
WFP/CRS,Panama,"Ballistic, helmet, size L",B36971101,15
WFP/CRS,Panama,"Ballistic, helmet, size M",B36971102,5
WFP/CRS,Panama,"Ballistic, helmet, size XL",B36971104,11
WFP/CRS,Panama,"Ballistic Vest w/WFP logo, Size L",B38811001,11
WFP/CRS,Panama,"Ballistic Vest w/WFP logo, Size M",B38811002,11
WFP/CRS,Panama,"Ballistic Vest w/WFP logo, Size S",B38811003,4
WFP/CRS,Panama,"Ballistic Vest w/WFP logo, Size XL",B38811004,5
World Vision International,Panama,"Tarpaulin, woven plastic, 4x6mt",B27161601,5200
World Vision International,Panama,"Blanket, UNHCR, 30% wool",B27112003,960
UNICEF SD,Panama,Recreation Kit,B38431001,145
UNICEF SD,Panama,Early Childhood Development kit,B38431002,1
UNICEF SD,Panama,"School-in-a-carton, 40 students",B38980002,84
World Vision International,Subang,Cooking set,B42912001,508
MERCY MALAYSIA,Subang,"Bags, body (210 x 150cm)",B38831010,4600
World Vision International,Accra,"Mosquito net, 100d, 190x180x150 cm",B27321504,4100
Aviation,Dubai,"Generator, 31 KVA, EP32DE Europower",B46116313,1
IRISH AID,Dubai,"Rope, polyprop., 8mm x 250mt, twisted",B36899401,400
IRISH AID,Dubai,"Mosquito net, 75d, 160x180x150 cm",B27321502,8000
World Vision International,Subang,"Hygiene Kit, with condoms",B36221203,1260
Aviation,Dubai,"Karcher machine, GX160 5.5 Honda",B49162514,2
WFP/CRS,Dubai,Distribution box/electrical kit,B46214003,30
WFP/CRS,Dubai,Emergency Trauma Bag - Security,B48199005,2
MERCY CORPS,Dubai,"Water distribution ramp, 6 hi flo taps",B91316301,4
WHO-HSE/GAR,Dubai,Body Bag Plastic White color,B38831009,1920
World Vision International,Dubai,"Jerry can, collapsible, w/tap outlet, 10",B36949110,17090
ECHO,Dubai,Blanket 50% wool 50% synthetic fibers,B27112002,43625
ACTION CONTRE LA FAIM,Dubai,"Kit Bladder Transport, 5000lt",B36959214,14
ACTION CONTRE LA FAIM,Dubai,Kit Onion Tank 30 M3,B36959215,2
WFP/CRS,Brindisi,"Conference room unit, hard wall T, small",B38713455,1
WHO-HSE/GAR,Dubai,"Kit Reservoir 15000lt souple+acc 2""DN 50",B36956113,2
WHO-HSE/GAR,Dubai,"Water tank, kit 5m3 transport +acc 2"" DN",B36956114,6
WHO-HSE/GAR,Dubai,"Water tank, kit,2000lt flex.w/acc 2""SN50",B36956115,2
WFP/CRS,Subang,Air cond. for prefabricated bldg T,B38713414,9
World Vision International,Dubai,Child Friendly Spaces Kit,B94743201,20
IRISH AID,Dubai,"Tarpaulin, woven plastic, 4x6mt",B27161601,3400
WHO-HSE/GAR,Dubai,"Kit motor pump, petrol, 30 m3/h HMT",B42236624,3
WHO-HSE/GAR,Dubai,"Module adapt. 2""/3"" tanker/other systems",B43290001,3
WHO-HSE/GAR,Dubai,"Modul Additonal house 2"" DN50+Acuplings",B43290002,17
WHO-HSE/GAR,Dubai,"Chloration, dosing kit",B43942024,2
WHO-HSE/GAR,Dubai,"Tester, pool tester",B43947900,14
SWISS RED CROSS,Accra,"RED, Light weight Family tent 15 + 4 m2",B27163205,176
SWISS RED CROSS,Accra,"Shelter, repair kit",B27163207,1020
WHO-HSE/GAR,Dubai,"Tablets red (pool tester), 10 tabs",B43947902,10
IRISH AID,Panama,"Jerry can, collapsible,w/screw cap,10lt",B36949102,8000
ACTION CONTRE LA FAIM,Dubai,"Logistics Emergency Kit, Handling",B42925504,1
WHO-HSE/GAR,Dubai,Disposal bag for Bio-hazardous west 30c5,B36972920,161470
WHO-HSE/GAR,Dubai,PPE Module B heavy duty,B36972948,2
WFP/OMF,Dubai,Container 20',B49221301,31
WFP/OMF,Dubai,Defensive Bastion MIL4 - 8unitsX10mt,B38814002,97
WFP/CRS,Panama,"Motorcycle, cross-country, 125 cc",B49162512,3
UNICEF SD,Panama,"Water  tank, collap.,10000 l, w/dist.kit",B36959209,2
IRISH AID,Panama,Soap bar,B36221200,10000
WHO-HSE/GAR,Dubai,BUNDU Trailer with Radio Unit,B49220302,1
WHO-HSE/GAR,Dubai,BUNDU Trailer,B49220303,1
ACTION CONTRE LA FAIM,Dubai,"Squatting plate, latrines",B38831002,490
UNICEF SD,Panama,"New formula Oral reh.salts,1L s/BOX-100",B35881002,768
OCHA/RDS,Dubai,"Bladder Tank, 5000L",B36959205,1
OCHA/RDS,Dubai,"Generator, diesel, 100kva",B46115701,2
ACTION CONTRE LA FAIM,Dubai,"Distribution Tap Stand, 6  Saver Valves2",B91316306,28
WFP/CRS,Panama,Ancillaries for living accom. unit,B38713402,6
WFP/CRS,Panama,"Medical, individual-travel kit",B48199006,7
WFP/CRS,Panama,"Individual kit, ""Rapid Response Team""",B95000102,55
WFP/CRS,Brindisi,"Living, accommodation unit, hard wall T",B38713423,4
WFP/CRS,Brindisi,Air cond. for prefabricated bldg T,B38713414,6
Aviation,Dubai,"Forklift, 2 seater, Diesel",B43531302,2
WFP/CRS,Dubai,Fuel Pump Two by two Refuelling syterm s,B42236618,1
WHO-HSE/GAR,Dubai,PPE Module Basic A,B36972947,92
WFP/CRS,Dubai,"Generator, diesel, 14 Kva, wheel-mount.",B46116303,1
WFP/OMF,Brindisi,"Ballistic, helmet, size L",B36971101,3
WHO-ERM,Dubai,Inter. Emerg Health Kit  Oxytocin module,B35667111,23
World Vision International,Dubai,"Antenna-tuner, HF, Mobile, with cables,",B47543004,2
WFP/OMF,Dubai,Defensive Bastion MIL7 - 1unitX28mt,B38814003,34
CATHOLIC RELIEF SERVICES,Dubai,"Squatting plate, latrines",B38831002,58
WFP/OMF,Brindisi,Defensive Bastion MIL4 - 8unitsX10mt,B38814002,64
WFP/OMF,Brindisi,Defensive Bastion MIL7 - 1unitX28mt,B38814003,54
IRISH AID,Accra,"Mosquito net, 100% polyester",B27321501,3500
WFP/CRS,Accra,"Ballistic Vest w/WFP logo, Size M",B38811002,8
WFP/CRS,Accra,"Lighting equipment, telesc., 12 Kva",B46530002,1
WFP/CRS,Subang,"Ballistic vest, size L",B38811011,1
World Vision International,Panama,Child Friendly Spaces Kit,B94743201,2
CARE,Dubai,"Water purification sachet, 4gr",B43942005,1925680
NORWAY/OCHA,Brindisi,"Stretcher, fixed handles w/straps",B38151001,60
WHO-HSE/GAR,Dubai,"Tarpaulin, woven plastic, 4x60mt",B27161602,15
WHO-HSE/GAR,Dubai,"Squatting plate, latrines",B38831002,90
IRISH AID,Dubai,"Jerry can,semi-collaps.w/screw cap,10lt.",B36949104,8000
IRISH AID,Dubai,"Tarpaulin, woven plastic, 4x60mt",B27161602,50
WFP/CRS,Subang,"Pedestal, drawer, for prefabricated bldg",B38713203,32
WFP/CRS,Subang,"Cupboard, for prefabricated bldg",B38713204,30
WFP/CRS,Subang,"Desk, folding, for prefabricated bldg",B38713205,41
WFP/CRS,Subang,"Chair, gas lift, for prefabricated bldg",B38713206,26
WFP/CRS,Subang,"Cabinet, filing, for prefabricated bldg",B38713207,56
WFP/CRS,Subang,"Chair, folding, for prefabricated bldg",B38713406,56
MERCY CORPS,Panama,Emergency Water Kit,B43942020,1
WHO-ERM,Dubai,Surgical Supply Kit 100-10,B35667121,16
WHO-ERM,Dubai,Interag Emerg Health Kit 06 PEP MODULE,B35667110,2
World Vision International,Subang,"Mosquito net, 100d, 190x180x150 cm",B27321504,22400
WFP/CRS,Subang,"Ballistic vest, size M",B38811018,1
MERCY CORPS,Dubai,"Water purification unit, 4cu.m/hrs",B43942003,2
NORWEGIAN CHURCH AID,Dubai,"Tent, multipurpose, 25 sq.m.",B27163204,132
IRISH AID,Subang,Blanket 50% wool 50% synthetic fibers,B27112002,15000
Aviation,Dubai,Fuel Pump Two by two Refuelling syterm s,B42236618,4
WFP/CRS,Dubai,"Generator set, 50Kva, diesel engine",B46113603,6
UNICEF SD,Panama,"Decal, round, diameter 205mm, UNICEF",B32590000,2000
WHO-HSE/GAR,Accra,Vac. Car/2.6litres/icepacks 0.6 lx8 each,B38158401,240
WHO-ERM,Accra,"Emer. kit, diahorrea diseas., It., Inf.",B35667108,3
INTERNATIONAL FEDERATION OF RED CROSS,Accra,"Cholera Kits, volunteer module, 300 p'pl",B35667112,4
IRISH AID,Accra,"Water tank, collapsible,10000lt,w/ramp",B36959202,20
WFP/CRS,Accra,"Ballistic Vest w/WFP logo, Size L",B38811001,6
UNICEF SD,Accra,Centrifugal Diesel Driven Pump,B43220004,1
WFP/CRS,Accra,"First Aid Kit, Individual",B48198004,15
WFP/CRS,Subang,"Blanket, quilted",B27180001,60
WFP/CRS,Subang,"Conference room unit,hard wall T",B38713220,1
WFP/CRS,Subang,"Generator, diesel, 14 Kva, wheel-mount.",B46116303,1
WFP/CRS,Subang,"Radio, HF mobile, NGT SR w/access.",B47211901,3
WFP/CRS,Subang,"First Aid Kit, Vehicle",B48198001,3
WFP/CRS,Dubai,"Cupboard, for prefabricated bldg",B38713204,66
WFP/CRS,Brindisi,"Data communication box, for prefab. bldg",B38713208,62
WFP/CRS,Dubai,"Conference room unit,hard wall T",B38713220,2
WFP/CRS,Dubai,"Chair, folding, for prefabricated bldg",B38713406,122
WFP/CRS,Dubai,Air cond. for prefabricated bldg T,B38713414,8
WFP/CRS,Panama,"Conference room unit, hard wall T, small",B38713455,1
WFP/CRS,Accra,"Bladder, fuel kit, with manual pump",B42236601,10
WHO-ERM,Dubai,Interag Emerg Health Kit BASIC,B35667106,180
IRISH AID,Brindisi,"Tarpaulin, woven plastic, 4x60mt",B27161602,100
ITALY/WHO,Brindisi,"Emer. kit, diahorrea diseas., It., ORS",B35667101,5
ITALY/WHO,Brindisi,"Emer. kit, diahorrea diseas., It., Inf.",B35667108,5
ITALY/WHO,Brindisi,"Emer. kit, diahorrea diseas., It., Supp.",B35667109,5
White Stock,Brindisi,Air cond. for prefabricated bldg T,B38713414,2
ITALY/WHO,Brindisi,Interag Emerg Health Kit SUPPLEMENTARY,B35667107,6
ITALY/WHO,Brindisi,Interag Emerg Health Kit 06 PEP MODULE,B35667110,2
ITALY/WHO,Brindisi,Inter. Emerg Health Kit  Oxytocin module,B35667111,21
WFP/CRS,Panama,"Motor, outboard, 40hp, YAMAHA",B43111002,6
WFP/CRS,Panama,"Transpallet, manual",B43532601,5
IRISH AID,Accra,"Tarpaulin, woven plastic, 4x60mt",B27161602,50
WFP/CRS,Accra,"Ballistic, helmet, size M",B36971102,10
WFP/CRS,Accra,Tool kit w/step ladders for room pref. K,B42925501,3
UNICEF SD,Accra,Family water purif. Kit 10 families,B43942008,600
WFP/CRS,Panama,"Tarpaulin, woven plastic, 3.65x 91.5M",B27161603,170
WHO/PAHO,Panama,Personal Protective Equipment kit-Size L,B36972903,2150
WFP/CRS,Panama,"Bag, 50 Kg, w/WFP mark Eng/Spa/Fre",B38831004,249990
WFP/CRS,Accra,"First Aid Kit, Office",B48198003,10
WFP/CRS,Accra,"Medical, individual-travel kit",B48199006,40
WFP/CRS,Subang,"Ballistic, helmet, size M",B36971102,1
WFP/CRS,Subang,"Ablution unit, prefab., hard wall K",B38713301,10
WFP/CRS,Subang,"Safe, Leeco 700 SG",B42994103,4
WFP/CRS,Subang,"Satellite phone,for vehicle mod CE0434",B47211903,8
WFP/CRS,Subang,Tractor with spare part(J.Deere m.5310),B49173001,4
WFP/CRS,Accra,Distribution box/electrical kit,B46214003,14
WFP/CRS,Accra,"Lighting equipment, telesc., 10 Kva",B46530001,1
WFP/CRS,Accra,"Scale, warehouse, 200 kg",B48233001,1
WFP/CRS,Subang,"Blanket, ballistic, Toyota Land Cr. LHD",B27115503,6
WFP/CRS,Subang,"Ballistic, helmet, size L",B36971101,2
WFP/CRS,Subang,"Ballistic vest, size XL",B38811009,1
WFP/CRS,Subang,"Bladder, fuel kit, with manual pump",B42236601,8
WFP/CRS,Subang,"Individual kit, ""Rapid Response Team""",B95000102,75
WHO-ERM,Accra,"Emer. kit, diahorrea diseas., It., Basic",B35667102,3
WHO-ERM,Accra,Interag Emerg Health Kit BASIC,B35667106,70
WHO-ERM,Accra,Interag Emerg Health Kit SUPPLEMENTARY,B35667107,5
WHO-ERM,Accra,"Emer. kit, diahorrea diseas., It., Supp.",B35667109,3
WHO-ERM,Accra,Inter. Emerg Health Kit  Oxytocin module,B35667111,60
UNHCR,Accra,"Mat, synthetic",B38171303,49250
WFP/CRS,Panama,"Ablution unit, prefab., hard wall T",B38713302,4
WFP/CRS,Panama,Air cond. for prefabricated bldg T,B38713414,37
WFP/CRS,Panama,"Living, accommodation unit, hard wall T",B38713423,24
WFP/CRS,Panama,"Office, accommodation unit, hard wall T",B38713424,8
WFP/CRS,Panama,Tool kit w/ladder for prefab. T,B42925503,3
UNHCR,Accra,Jerry Can Semi-Collapsible (10L),B36949106,26700
UNHCR,Accra,Kitchen Sets Type B,B42912006,9358
INTERNATIONAL FEDERATION OF RED CROSS,Accra,"Water Storage Equip.,watsan kit,2000ppl",B43942006,1
WHO-ERM,Accra,"Emerg. kit, trauma profile, Italian",B48199001,3
WHO-ERM,Accra,"Emerg. kit, supp. to trauma, Italian",B48199002,3
WFP/CRS,Panama,"Pedestal, drawer, for prefabricated bldg",B38713203,22
WFP/CRS,Panama,"Cupboard, for prefabricated bldg",B38713204,21
WFP/CRS,Panama,"Desk, folding, for prefabricated bldg",B38713205,36
WFP/CRS,Panama,"Chair, gas lift, for prefabricated bldg",B38713206,36
WFP/CRS,Panama,"Cabinet, filing, for prefabricated bldg",B38713207,18
WFP/CRS,Panama,"Table, folding for prefabricated bldg",B38713209,22
WFP/CRS,Panama,"Bunk bed, for prefabricated bldg",B38713403,22
WFP/CRS,Panama,"Mattress, for prefabricated bldg",B38713404,44
WFP/CRS,Panama,"Wardrobe, for prefabricated bldg",B38713405,22
WFP/CRS,Panama,"Chair, folding, for prefabricated bldg",B38713406,90
UNICEF SD,Panama,Water purif.(NaDCC) 33mg tabs/pack of 50,B43942007,140080
UNICEF SD,Accra,"RUTF, plumpy'nut",B23997217,15679
ACTION CONTRE LA FAIM,Dubai,"Bucket, Food proof plastic, 20L",B42912014,3872
WFP/CRS,Brindisi,"Pallet, plastic, 1.2x1mt",B36999102,490
WFP/CRS,Accra,"Pedestal, drawer, for prefabricated bldg",B38713203,27
WFP/CRS,Accra,"Cupboard, for prefabricated bldg",B38713204,12
WFP/CRS,Accra,"Desk, folding, for prefabricated bldg",B38713205,24
WFP/CRS,Accra,"Chair, gas lift, for prefabricated bldg",B38713206,24
WFP/CRS,Accra,"Cabinet, filing, for prefabricated bldg",B38713207,12
WFP/CRS,Accra,"Table, folding for prefabricated bldg",B38713209,24
WFP/CRS,Accra,"Bunk bed, for prefabricated bldg",B38713403,15
WFP/CRS,Accra,"Mattress, for prefabricated bldg",B38713404,31
WFP/CRS,Accra,"Wardrobe, for prefabricated bldg",B38713405,19
WFP/CRS,Accra,"Chair, folding, for prefabricated bldg",B38713406,46
WFP/CRS,Accra,"Prefab, wareh, soft wall, 10x24 ALU, O",B27169704,2
UNICEF SD,Panama,"Plastic Mat,1.8 x 0.9m/box of 25 units",B38171302,5183
WFP/CRS,Panama,"Marine, Life Jacket",B27192101,30
WFP/CRS,Panama,Ancillaries for office accomm. unit,B38713202,10
WFP/CRS,Panama,Distribution box/electrical kit,B46214003,15
WFP/CRS,Panama,"First Aid Kit, Individual",B48198004,40
WHO/PAHO,Panama,Personal Protective Equipment kit-SizeXL,B36972902,3625
WFP/CRS,Panama,"First Aid Kit, Office",B48198003,10
IRISH AID,Accra,Blanket 50% wool 50% synthetic fibers,B27112002,14450
UNICEF SD,Accra,"Blanket, fleece, 1.5x2mt",B27112006,10080
World Vision International,Accra,"Tarpaulin, woven plastic, 4x6mt",B27161601,1750
UNICEF SD,Accra,"Tarpaulin, Reinforced Sheeting 4x5mt",B27161604,5000
IRISH AID,Accra,"Rope, polyprop., 8mm x 250mt, twisted",B36899401,400
IRISH AID,Accra,"Jerry can,semi-collaps.w/screw cap,10lt.",B36949104,8000
IRISH AID,Accra,"Water tank, collapsible, 5000lt, w/harn",B36956001,20
WFP/CRS,Accra,"Ballistic, helmet, size L",B36971101,8
WFP/CRS,Accra,"Ballistic, helmet, size XL",B36971104,2
UNICEF SD,Accra,Recreation Kit,B38431001,100
WFP/CRS,Accra,"Office, accom. unit, with accessories K",B38713221,13
WFP/CRS,Accra,"Ballistic Vest w/WFP logo, Size XL",B38811004,5
IRISH AID,Accra,"Squatting plate, latrines",B38831002,400
UNICEF SD,Accra,"Squatting Plate, PLASTIC, W/O Pan.120X80",B38831005,500
IRISH AID,Accra,"Kitchen set, family type, 5 persons",B42912003,4000
IRISH AID,Accra,Pickaxe with handle,B42925102,400
World Vision International,Dubai,"Water purification unit, 4cu.m/hrs,Emwat",B43942002,1
World Vision International,Dubai,"Cartdridge, for Water Filter, Katadyne",B43942009,144
WHO-HSE/GAR,Dubai,"Sprayer, 12 L, IK 12 BS",B43942016,836
WHO-HSE/GAR,Dubai,"Sprayer, IK-1.5 L, 83871",B44161001,2236
World Vision International,Dubai,"Spare, Recepticle, for generator",B46116305,20
World Vision International,Dubai,"Spare, Plug, 220V, for generator",B46116306,20
World Vision International,Dubai,"Spares, Filter & Spark plug, for 0.85KVA",B46116307,8
World Vision International,Dubai,"Generator, 0.85KVA, 220V, Europower",B46116308,6
World Vision International,Dubai,"Light, halogen, 220V, 300W, w/spare bulb",B46530003,12
World Vision International,Dubai,"Bulb, drop, 220V, 60W",B46530004,40
World Vision International,Dubai,"Light, drop, 220V, 60W, No bulb",B46530005,20
World Vision International,Dubai,"Cord, Electrical, w/ reel, 220V, 33M",B46530006,12
WFP/CRS,Brindisi,"Pedestal, drawer, for prefabricated bldg",B38713203,77
WFP/CRS,Brindisi,"Chair, gas lift, for prefabricated bldg",B38713206,63
WFP/CRS,Brindisi,"Bunk bed, for prefabricated bldg",B38713403,55
WFP/CRS,Brindisi,"Wardrobe, for prefabricated bldg",B38713405,18
WFP/CRS,Brindisi,"Living accom. unit, with accessories K",B38713421,17
WFP/CRS,Brindisi,"Office, accom. unit, with accessories T",B38713425,1
WFP/CRS,Brindisi,"Desk, folding, for prefabricated bldg",B38713205,89
WFP/CRS,Brindisi,"Table, folding for prefabricated bldg",B38713209,55
WFP/CRS,Brindisi,"Ablution unit, prefab., hard wall K",B38713301,2
White Stock,Brindisi,"Ablution unit, prefab., hard wall T",B38713302,1
WFP/CRS,Brindisi,"Heater, for prefabricated bldg",B38713407,30
WHO-ERM,Accra,"Emer. kit, diahorrea diseas., It., ORS",B35667101,4
INTERNATIONAL FEDERATION OF RED CROSS,Accra,"Bar Soap, Duck Bar, 16/ctn, pcs",B36221201,240
WFP/GLOBAL RESERVE,Accra,"Boat, fibre glass",B49421001,3
WFP/CRS,Brindisi,"Prefab, wareh, soft wall, 10x32 ALU, O",B27169802,1
WFP/CRS,Brindisi,"Generator, diesel, 27kva w/spare parts,I",B35667103,1
INTERSOS,Brindisi,Helmets with visor,B36971105,30
WFP/CRS,Brindisi,"Cupboard, for prefabricated bldg",B38713204,62
WFP/CRS,Brindisi,"Cabinet, filing, for prefabricated bldg",B38713207,63
WFP/CRS,Brindisi,"Mattress, for prefabricated bldg",B38713404,112
WFP/CRS,Brindisi,"Chair, folding, for prefabricated bldg",B38713406,616
INTERSOS,Brindisi,Bomb Locator FEREX FOERSTER,B38822301,2
WFP/CRS,Brindisi,"UPS, 10Kva with accessories",B45911401,9
World Vision International,Dubai,"Cord, Electrical, w/ reel, 220V, 10M",B46530007,8
ECHO,Dubai,"Tent, multipurpose, 25 sq.m.",B27163204,1642
World Vision International,Dubai,"Tent, mosquito, bug Hut 2",B27321503,45
World Vision International,Dubai,"Jerry can, collap. w.zip, 10lt, WVI logo",B36949108,17
IRISH AID,Brindisi,"Water tank, collapsible,10000lt,w/ramp",B36959202,8
WFP/CRS,Brindisi,"Ballistic, helmet, size M",B36971102,25
NORWAY/OCHA,Brindisi,Thermal evacuation bag,B38151002,100
WFP/CRS,Brindisi,"Ballistic Vest w/WFP logo, Size M",B38811002,9
WFP/CRS,Brindisi,"Bag, polypropylene woven, empty",B38831003,49425
WFP/CRS,Brindisi,"Box, storage and transit",B42231201,33
WFP/CRS,Brindisi,"Scale, warehouse, 200 kg",B48233001,27
WFP/GLOBAL RESERVE,Brindisi,Container 20',B49221301,1
ITALY,Brindisi,"Individual kit, ""Rapid Response Team""",B95000102,12
WFP/CRS,Dubai,"Pedestal, drawer, for prefabricated bldg",B38713203,61
WFP/CRS,Dubai,"Desk, folding, for prefabricated bldg",B38713205,36
WFP/CRS,Dubai,"Chair, gas lift, for prefabricated bldg",B38713206,54
WFP/CRS,Dubai,"Cabinet, filing, for prefabricated bldg",B38713207,8
WFP/CRS,Dubai,"Table, folding for prefabricated bldg",B38713209,30
WFP/CRS,Dubai,"Bunk bed, for prefabricated bldg",B38713403,43
WFP/CRS,Dubai,"Mattress, for prefabricated bldg",B38713404,78
WFP/CRS,Dubai,"Wardrobe, for prefabricated bldg",B38713405,41
WFP/CRS,Panama,"Bladder, fuel kit, with manual pump",B42236601,2
World Vision International,Dubai,Solar Lantern,B46534301,40
World Vision International,Dubai,"Transceiver, HF, Mobile, NGT SR Codan",B46765401,3
World Vision International,Dubai,"Transceiver, HF, Base, NGT SR Codan",B46765402,1
World Vision International,Dubai,V- SAT Kit,B47211904,1
World Vision International,Dubai,"Antenna, HF, Broad band C411E, with cabl",B47543002,1
World Vision International,Dubai,"Power supply, 9113B, Codan",B47543003,2
WHO-ERM,Dubai,"Emerg. kit, trauma profile, Italian",B48199001,21
WHO-ERM,Dubai,"Emerg. kit, supp. to trauma, Italian",B48199002,21
UNDP,Dubai,"Landcruiser 76 Heavy Duty, LHD",B49162518,2
WFP/CRS,Brindisi,"Water purification unit, 4cu.m/hrs",B43942003,3
WFP/GLOBAL RESERVE,Brindisi,"Generator, diesel, 7.5 Kva, Kubota",B46114102,1
WFP/GLOBAL RESERVE,Brindisi,"Generator, petrol engine, 12.5 Kva,110V",B46114201,4
WFP/CRS,Brindisi,"Lighting equipment, telesc., 10 Kva",B46530001,2
INTERSOS,Brindisi,Radio antenna for car,B47543001,4
WFP/RAPID RESPONSE - FOOD,Dubai,"High energy biscuits, 10 kgs",B23997202,3207
INTERNATIONAL RESCUE COMMITTEE,Dubai,Individual kit IRC Type B,B95000101,10
INTERNATIONAL RESCUE COMMITTEE,Dubai,Individual kit IRC Type A,B95000103,1
WFP/CRS,Dubai,"Ballistic, helmet, size L",B36971101,48
WFP/CRS,Dubai,"Ballistic, helmet, size M",B36971102,43
WFP/CRS,Dubai,"Ballistic, helmet, size XL",B36971104,21
WFP/CRS,Dubai,"Living, accommodation unit, hard wall T",B38713423,3
WFP/CRS,Dubai,"Ballistic Vest w/WFP logo, Size L",B38811001,27
WFP/CRS,Dubai,"Ballistic Vest w/WFP logo, Size M",B38811002,29
WFP/CRS,Dubai,"Ballistic Vest w/WFP logo, Size XL",B38811004,29
WFP/CRS,Dubai,"Bladder Tank, 7500 Gal.,  Aero Tec Labor",B42236622,1
WFP/CRS,Dubai,Tool kit w/step ladders for room pref. K,B42925501,8
Aviation,Dubai,Used -Helicopter Cargo nets 3 MT capacit,B49421007,82
Aviation,Dubai,Used -Helicopter cargo nets 10 MT capaci,B49421008,4
Aviation,Dubai,"Fuel pump, L48EE-DB Yanamar",B42236615,1
WFP/OMF,Brindisi,Defensive Bastion MIL10 - 1unitX30mt,B38814004,8
WFP/OMF,Brindisi,Container 20',B49221301,13
ECHO,Dubai,"Tarpaulin, woven plastic, 4x60mt",B27161602,69
WFP/CRS,Panama,"Prefab, wareh, soft wall, 10x24 ALU, O",B27169704,12
JOHANNITER,Dubai,"Tarpaulin, woven plastic, 4x5mt",B27161607,500
WFP/CRS,Panama,"Stitching machine, portable",B44614301,31
WFP/CRS,Panama,"Generator, diesel, 14 Kva, wheel-mount.",B46116303,6
ITALY,Brindisi,Blanket 50% wool 50% synthetic fibers,B27112002,34300
WFP/OMF,Brindisi,"Blanket, ballistic, Toyota Land Cr. LHD",B27115503,1
ACTION CONTRE LA FAIM,Dubai,"Plastic potties for kids, 380gms",B36939201,200
ACTION CONTRE LA FAIM,Dubai,"Buckets, 14L with Handle & Lid",B42912015,12500
WFP/CRS,Accra,"MRE, vegetarian menu (old type)",B23997208,166
WFP/CRS,Accra,"Ballistic Vest w/WFP logo, Size S",B38811003,1
World Vision International,Accra,Cooking set,B42912001,2996
IRISH AID,Accra,Spade with varnished ash and grip,B42921001,400
UNICEF SD,Accra,Water purif.(NaDCC) 33mg tabs/pack of 50,B43942007,25000
WFP/CRS,Accra,"Generator, diesel, 10.4 Kva",B46116202,2
WFP/CRS,Accra,"Individual kit, ""Rapid Response Team""",B95000102,1
WFP/CRS,Subang,"Prefab, wareh, soft wall, 10x32 ALU, O",B27169802,14
ITALY/WHO,Brindisi,"Emer. kit, diahorrea diseas., It., Basic",B35667102,6
IRISH AID,Brindisi,"Rope, polyprop., 8mm x 250mt, twisted",B36899401,100
IRISH AID,Brindisi,"Water tank, collapsible, 5000lt, w/harn",B36956001,8
WFP/CRS,Brindisi,"Ballistic, helmet, size S",B36971103,6
WFP/OMF,Brindisi,"Ballistic Vest w/WFP logo, Size L",B38811001,14
WFP/OMF,Brindisi,"Ballistic Vest w/WFP logo, Size S",B38811003,1
IRISH AID,Brindisi,"Squatting plate, latrines",B38831002,110
WFP/CRS,Brindisi,"Detector, intruder cordless",B38852101,12
ITALY/WHO,Brindisi,"Emerg. kit, supp. to trauma, Italian",B48199002,14
WFP/GLOBAL RESERVE,Brindisi,Scale wheel load,B48233601,2
WFP/CRS,Brindisi,"Individual kit, ""Rapid Response Team""",B95000102,16
ECHO,Dubai,"Rope, polyprop., 8mm x 250mt, twisted",B36899401,1696
NORWEGIAN CHURCH AID,Dubai,"Bladder tank, 20,000 L",B36959206,2
WHO-HSE/GAR,Dubai,Surgical gown size Large,B36972909,7051
WHO-HSE/GAR,Dubai,"Face shield Guardall, foam bad,full face",B36972913,32590
WHO-HSE/GAR,Dubai,Heavy duty gloves-pack of 12,B36972930,1000
WHO-HSE/GAR,Dubai,"Coverall,size XL white with elastic cuff",B36972937,7030
WHO-HSE/GAR,Dubai,Boots size 44 (10) black with anti slip,B36972940,945
WFP/OMF,Brindisi,Defensive Bastion MIL1 -7unitsX10mt,B38814001,42
WFP/CRS,Brindisi,"Blanket, ballistic, Toyota Land Cr. RHD",B27115501,7
WFP/GLOBAL RESERVE,Brindisi,"Sleeping bag, with hood",B27183001,479
ITALY/WHO,Brindisi,Interag Emerg Health Kit BASIC,B35667106,190
NORWAY/OCHA,Brindisi,"Thermal hood, universal",B38151003,100
WFP/OMF,Brindisi,"Ballistic Vest w/WFP logo, Size M",B38811002,12
INTERSOS,Brindisi,"Ballistic vest, size XL",B38811009,12
WFP/CRS,Brindisi,"Bags, body",B38831001,25
WFP/CRS,Brindisi,"Fridge, car",B43910001,11
WFP/CRS,Brindisi,Distribution box/electrical kit,B46214003,66
ITALY/WHO,Brindisi,"Emerg. kit, trauma profile, Italian",B48199001,16
OHCHR,Brindisi,"Vehicle, Toyota, PRADO GX, LHD",B49162502,1
WHO/PAHO,Panama,Personal Protective Equipment kit-Size S,B36972904,471
WFP/CRS,Panama,"Boat,inflatable, Mercury 530 - 11 people",B49421003,4
Aviation,Dubai,"Generator, 10KVA BRLNO",B46116312,2
Aviation,Dubai,"Net,10Ton 4Mtrx4Mtr P.P Cargo net mesh r",B49421010,6
WFP/CRS,Dubai,"Living accom. unit, with accessories K",B38713421,2
WFP/CRS,Dubai,"Scale, warehouse, 300 kg",B48233002,4
WFP/CRS,Brindisi,"Blanket, ballistic, Toyota Land Cr. LHD",B27115503,7
IRISH AID,Brindisi,Soap bar,B36221200,5000
WFP/OMF,Brindisi,"Ballistic, helmet, size M",B36971102,20
WFP/CRS,Brindisi,"Toilet, field with accessories",B38715102,24
WFP/CRS,Brindisi,"Ballistic Vest w/WFP logo, Size L",B38811001,17
WFP/CRS,Brindisi,"Ballistic Vest w/WFP logo, Size S",B38811003,5
INTERSOS,Brindisi,"Exploder, blasting machine, CD-450",B38822101,2
WFP/CRS,Brindisi,Post driver with handle,B42965002,4
WFP/CRS,Brindisi,"Fridge/freezer, field",B43918001,18
WFP/GLOBAL RESERVE,Brindisi,"Vehicle, Toyota, Land Cruiser",B49162504,1
ITALY,Brindisi,"Jerry can, collapsible,w/screw cap,10lt",B36949102,6800
WFP/CRS,Panama,"Scale, warehouse, 300 kg, digital",B48233003,8
WFP/CRS,Panama,"Motorcycle, 4-wheels Quadbike, 250cc",B49162511,3
World Vision International,Dubai,Blanket 50% wool,B27112001,27450
ECHO,Dubai,"Tent, for cold climate, 22 sq.m.",B27163203,472
WHO-ERM,Dubai,Interag Emerg Health Kit SUPPLEMENTARY,B35667107,4
World Vision International,Dubai,"Jerry can, collapsible, w/zip, 10lt",B36949101,8000
Aviation,Subang,"Fuel tank, 2500 Gal.",B42236602,12
Aviation,Subang,"Refueling system, two-by-two",B42236605,40
Aviation,Subang,"Fuel tank, 3000 Gal., cargo",B42236606,8
Aviation,Subang,"Shade cloth, pillow tank, large",B42236608,10
World Vision International,Dubai,"Cot, Roll-a-cot, regular",B27165201,56
World Vision International,Dubai,"Sleeping bag, Synthetic, Women's",B27183003,4
WFP/CRS,Brindisi,"Water tank, collapsible, 5000lt, w/harn",B36956001,8
WFP/GLOBAL RESERVE,Brindisi,"Chair, executive, gas lift, wheeled",B38114703,418
World Vision International,Dubai,"Water Filter, Katadyne Drip",B36949202,44
WHO-HSE/GAR,Dubai,Surgical gown size Medium,B36972907,2248
WHO-HSE/GAR,Dubai,Surgical gown size XL,B36972908,14796
WHO-HSE/GAR,Dubai,"Mask, Surgical,disposable, box of 50 pcs",B36972910,39100
WHO-HSE/GAR,Dubai,Fog shiled 12oz XP cleaning  ( B/L 77 ),B36972921,140
WHO-HSE/GAR,Dubai,Protective goggles,B36972929,4060
WHO-HSE/GAR,Dubai,3 M respirator 9310 -Box of 240,B36972935,13
WHO-HSE/GAR,Dubai,3 M respirator model 8710 Box of 240,B36972936,15
WHO-HSE/GAR,Dubai,"Coverall, size M white tyvek with cuff",B36972938,4430
WHO-HSE/GAR,Dubai,"Coverall, size L white with elastic cuff",B36972939,10160
WHO-HSE/GAR,Dubai,Boots size 42 (8) black with anti slip p,B36972942,2393
WFP/CRS,Brindisi,"Fire extinguisher, 6 Kgs",B38853103,20
IRISH AID,Brindisi,Pickaxe with handle,B42925102,100
INTERSOS,Brindisi,"Night vision, Moonlight",B48319501,1
WFP/CRS,Subang,Ancillaries for living accom. unit,B38713402,1
WFP/CRS,Subang,"Living accom. unit, with accessories K",B38713421,3
WFP/CRS,Subang,"Bag, polypropylene woven, empty",B38831003,245000
WFP/CRS,Subang,Tool kit w/ladder for prefab. T,B42925503,1
WFP/CRS,Subang,Motorola GM360 mobile,B47211902,2
WFP/CRS,Subang,"First Aid Kit, Office",B48198003,2
WFP/CRS,Subang,"MOTORCYCLE,HONDA XL 125CC,W/SPARE PARTS",B49162510,20
Aviation,Subang,"Fuel Tank, 7500 Gal",B42236603,10
Aviation,Subang,"Fuel tank, 10000 Gal.",B42236604,5
Aviation,Subang,"Shade cloth, pillow tank, small",B42236607,26
WFP/CRS,Subang,"Blanket, ballistic, Toyota Land Cr. RHD",B27115501,6
WHO-HSE/GAR,Dubai,"Apron 90x112 cm with neck band, washable",B36972943,9580
World Vision International,Dubai,"Chair, Roll-a-chair",B38114702,24
World Vision International,Dubai,"Mattress, single,  90x190x8cm",B38171304,12
IRISH AID,Dubai,"Squatting plate, latrines",B38831002,400
WHO-HSE/GAR,Dubai,"Cadaver bag, adult size 250x120cm, w/ 6",B38831007,370
IRISH AID,Brindisi,"Mosquito net, 100% polyester",B27321501,2000
ITALY/WHO,Brindisi,Interag Emerg Health Kit SUPPL. for MAL.,B35667104,1
WFP/GLOBAL RESERVE,Brindisi,"Chair, secret., gas lift,  wheeled",B38114704,66
INTERSOS,Brindisi,"Locator, magnetic, SCHONSTEDT GA-72Cd",B38823201,11
NORWAY/OCHA,Brindisi,"Squatting plate, latrines",B38831002,1600
WFP/CRS,Brindisi,"Detector, smoke",B38856001,98
IRISH AID,Brindisi,Spade with varnished ash and grip,B42921001,100
World Vision International,Dubai,"Sleeping bag, Synthetic, Men's",B27183004,6
WFP/CRS,Brindisi,"Shower, solar heated",B95000019,10
WHO-HSE/GAR,Dubai,"Kit Motor Pump Pressuere Diesel, 62 m3/h",B43220009,2
UNFPA,Accra,"Hygiene kit ""women & girls""",B36221218,2342
UNFPA,Accra,"Hygiene Kit ""pregnant & nursing women""",B36221219,586
UNFPA,Accra,"Hygiene Kit, Washing Buckets",B36221222,3480
ACH,Panama,Planta LMS water OX E1,B36956124,1
ACH,Panama,Waterman Tool Box,B36956125,1
Intermon Oxfam,Panama,Orange security fence,B31692300,14
Intermon Oxfam,Panama,HTH Kit,B36956122,2
Intermon Oxfam,Panama,"50m flexible reinforced hose 2"" with sto",B36956123,10
Intermon Oxfam,Panama,SanPlat Mould Box,B38831020,2
UNICEF SD,Accra,"Midwifery kit, 1-drugs",B35667134,3
UNICEF SD,Accra,"Midwifery kit,2-equipment",B35667135,3
UNICEF SD,Accra,"Midwifery kit, 3-renewable",B35667136,3
UNICEF SD,Accra," Resuscitation kit, basic",B35667138,5
UNICEF SD,Accra,Water floc. & disinfectant,B35667139,3000
KOREA INTERNATIONAL COOPERATION AGENCY,Dubai,"Winterization Kit for Tent, Family,16sqm",B27163218,200
IRISH AID,Subang,"Squatting plate, latrines",B38831002,300
WHO-ERM,Accra,Surgical Supply Kit 100-10,B35667121,5
ShelterBox,Dubai,"Midi Tent, with Shelterbox logo",B27163212,870
WFP/CRS,Subang,Air cond. for prefabricated bldg E,B38713308,41
WFP/CRS,Subang,Tool kit w/ladder for prefab. E,B42925505,20
WFP/CRS,Subang,"Boat, Aluminium, 6-8 people, with engine",B86315102,11
WHO-ERM,Accra,"Water drinking emer. Instit. kit, filter",B43942027,128
WFP/CRS,Panama,"Office, accommodation unit, hard wall E",B38713304,11
WFP/CRS,Panama,Air cond. for prefabricated bldg E,B38713308,11
WFP/CRS,Panama,Tool kit w/ladder for prefab. E,B42925505,4
ACTION CONTRE LA FAIM,Accra,Humanitarian Cargo,B95000001,26
CARE,Dubai,BP-5 Compact Emergency Food,B23997220,36000
HANDICAP INTERNATIONAL FEDERATION,Dubai,Tent 3.8 x 3.8,B27163208,250
WFP/CRS,Subang,"Generator, diesel, 8 Kva, Europower",B46116317,10
World Vision International,Accra,"Chlorine tablets, Meltricolor 90/200, 50",B43942010,4
World Vision International,Accra,Child Friendly Spaces Kit,B94743201,2
WHO-ERM,Accra,"Water purification unit, 4cu.m/hrs,Emwat",B43942002,2
IRISH AID,Panama,Pickaxe with handle,B42925102,100
ShelterBox,Accra,"Family kit, with Shelterbox logo",B95000115,406
WHO-ERM,Dubai,"Water purification unit, 4cu.m/hrs,Emwat",B43942002,6
OCHA/RDS,Dubai,"40' container, with CSC plate",B49221303,5
WFP/OMF,Brindisi,"Ballistic, helmet, size XL",B36971104,5
AECID,Panama,"Tarpaulin,woven plastic,4x6mt with logo",B27161612,420
WHO-EMRO (EHA),Dubai,Inter. Emerg Health Kit  Oxytocin module,B35667111,41
AECID,Panama,Blanket 50% wool 50% synthetic fibers,B27112002,2532
AECID,Panama,"Tarpaulin, woven plastic, 4x6mt",B27161601,740
AECID,Panama,Water Simplified System (SSA),B43942033,1
AECID,Panama,"Mosquito net, 100d, 190x180x150 cm",B27321504,600
AECID,Panama,Cooking set,B42912001,300
ShelterBox,Subang,"Midi Tent, with Shelterbox logo",B27163212,260
IRISH AID,Subang,"Mosquito net, 100d, 190x180x150 cm",B27321504,6500
NORWEGIAN CHURCH AID,Dubai,Recreation Kit,B38431001,10
NORWEGIAN CHURCH AID,Dubai,Early Childhood Development kit,B38431002,10
WHO-ERM,Accra,"Tent, multipurpose, 82 sq.m",B27163015,3
IRISH AID,Panama,Spade with varnished ash and grip,B42921001,100
WFP/CRS,Dubai,"Office, accommodation unit, hard wall E",B38713304,34
WFP/CRS,Dubai,"Living, accommodation unit, hard wall E",B38713305,29
WFP/CRS,Dubai,Air cond. for prefabricated bldg E,B38713308,76
WFP/CRS,Dubai,Tool kit w/ladder for prefab. E,B42925505,18
ShelterBox,Subang,"Family kit, with Shelterbox logo",B95000115,224
NORWEGIAN CHURCH AID,Dubai,"Prefab, wareh, soft wall, 10x24 ALU, G",B27169708,5
ACH,Panama,Flat Hose 2? X 100m Storz Roll,B36720003,4
ACH,Panama,"Flat Hose 2"" x 50m",B36720004,3
ACH,Panama,"Flat Hose 3"" x 50m",B36720005,6
IRISH AID,Panama,"Rope, polyprop., 8mm x 183mt, UV protect",B36899403,100
Concern Worldwide,Dubai,"Tarpaulin, woven plastic, 4x6mt",B27161601,2000
HANDICAP INTERNATIONAL FEDERATION,Dubai,DVFP -  Sub kit Logistics,B95000104,4
HANDICAP INTERNATIONAL FEDERATION,Dubai,DVFP -  Sub kit Specific,B95000105,4
HANDICAP INTERNATIONAL FEDERATION,Dubai,DVFP -  Sub kit Orthosis,B95000106,1
HANDICAP INTERNATIONAL FEDERATION,Dubai,DVFP -  Sub kit Distribution,B95000107,2
HANDICAP INTERNATIONAL FEDERATION,Dubai,SRBB -  Kits 2 persons,B95000108,150
HANDICAP INTERNATIONAL FEDERATION,Dubai,SRBB - Kits 4 persons,B95000109,612
HANDICAP INTERNATIONAL FEDERATION,Dubai,SRBB - Kits 6 persons,B95000110,238
JICA,Accra,"Tarpaulin, woven plastic, 4x60mt",B27161602,93
UNHCR,Accra,"Blanket, fleece, 1.5x2mt",B27112006,53318
NORWAY/OCHA,Brindisi,Blanket 50% wool 50% synthetic fibers,B27112002,9500
ACH,Panama,"Tarpaulin, reinforce, Polyth. Roll, 4x50",B27161005,9
ACH,Panama,"Squatting plate, latrines",B38831002,75
ACH,Panama,Threading Pipe Tool Kit,B44219001,2
Intermon Oxfam,Panama,"Tarpaulin, reinforce, Polyth. Roll, 4x50",B27161005,1
Intermon Oxfam,Panama,"Rope, polyprop., 6mm x 250mt, twisted",B36899404,4
Intermon Oxfam,Panama,Megaphone MF-90-S with siren,B47234101,5
HANDICAP INTERNATIONAL FEDERATION,Dubai,"Tarpaulin, for Tent 11 sqm",B27161617,1
HANDICAP INTERNATIONAL FEDERATION,Dubai,"Tent , accommodation, 11  Sqm",B27163216,18
HANDICAP INTERNATIONAL FEDERATION,Dubai,"Poles, for Tent 11 sqm",B42946202,2
HANDICAP INTERNATIONAL FEDERATION,Dubai,"Charger for GP340, Motorola",B47211917,6
HANDICAP INTERNATIONAL FEDERATION,Dubai,"Spare battery for GP340 , Motorola",B47211918,8
HANDICAP INTERNATIONAL FEDERATION,Dubai,"Transceiver, GP340, Motorola",B47211919,10
OCHA/RDS,Dubai,"Ablution unit, prefab., hard wall E",B38713303,4
WFP/CRS,Brindisi,"Ablution unit, prefab., hard wall E",B38713303,12
WFP/CRS,Subang,"Conference room, with accessories K",B38712002,1
AECID,Panama,"Kitchen set, family type",B42912002,332
Intermon Oxfam,Panama,"Aluminium sulphate, bag 25 Kg",B34246101,12
Intermon Oxfam,Panama, Kit Motor Pump petrol engine 36 m3/h,B43220016,5
Intermon Oxfam,Panama,Kit Onion Tank 30 M3,B36959215,2
CARE,Dubai,"Tester, pool tester",B43947900,166
CARE,Dubai,"Tablets red (pool tester), 10 tabs",B43947902,8751
CARE,Dubai,DPD 3 Rapid 250 tab(Chlorine test),B43947905,345
CARE,Dubai,"Test tube,turbidity,5-500/2000 NTU,Plast",B43947906,84
WFP/CRS,Panama,"Living accom. unit, with accessories T",B38712031,1
UNHCR,Accra,Buckets,B42912016,5664
AECID,Panama,"Bags, body",B38831001,3152
ShelterBox,Dubai,"Family kit, with Shelterbox logo",B95000115,295
UNFPA,Accra,"Bed, adjustable, hospital",B38152001,5
JICA,Accra,Portable Water Purifier System,B43942015,30
IRISH AID,Subang,"Water tank, collapsible, 5000lt, w/harn",B36956001,25
IRISH AID,Subang,"Water tank, collapsible,10000lt,w/ramp",B36959202,25
IRISH AID,Subang,"Kitchen set, family type, 5 persons",B42912003,3000
WFP/CRS,Accra,"Office, accommodation unit, hard wall E",B38713304,20
WFP/CRS,Accra,"Living, accommodation unit, hard wall E",B38713305,17
WFP/CRS,Accra,Tool kit w/ladder for prefab. E,B42925505,4
ACTION CONTRE LA FAIM,Dubai,Suction hose kit,B36720009,7
ACTION CONTRE LA FAIM,Dubai,Flat hose and fitting 2?? kit,B36720010,5
ACTION CONTRE LA FAIM,Dubai,Flat hose and fittings 3?? kit,B36720011,3
ACTION CONTRE LA FAIM,Dubai,Coupling and fittings 2?? and 3?? kit,B36720012,2
IRISH AID,Dubai,Spade with varnished ash and grip,B42921001,400
IRISH AID,Dubai,Pickaxe with handle,B42925102,400
IRISH AID,Subang,"Tarpaulin, woven plastic, 4x60mt",B27161602,100
UNHCR,Accra,"Tarpaulin, reinforce, Polyth. Roll, 4x50",B27161005,672
UNHCR,Accra,"Tarpaulin, Reinforced Sheeting 4x5mt",B27161604,10575
WFP/CRS,Accra,Air cond. for prefabricated bldg E,B38713308,50
WHO-ERM,Subang,"Water drinking emer. Instit. kit, filter",B43942027,4
WFP/CRS,Brindisi,Electrical kit,B46214004,3
CARE,Dubai,"Onion Tank kit, 10 m�",B36959219,2
WHO-ERM,Dubai,Water Storage&Distribution,B36956107,5
WHO-ERM,Dubai,"Water distribution ramp, 6 hi flo taps",B91316301,20
IRISH AID,Panama,"Water tank, collapsible, 5000lt, w/harn",B36956001,5
IRISH AID,Panama,"Water tank, collapsible,10000lt,w/ramp",B36959202,5
IRISH AID,Subang,"Rope, polyprop., 8mm x 250mt, twisted",B36899401,300
IRISH AID,Subang,Spade with varnished ash and grip,B42921001,300
IRISH AID,Subang,Pickaxe with handle,B42925102,300
IRISH AID,Panama,"Kitchen set, family type, 5 persons",B42912003,1000
World Vision International,Accra,"Water purification unit, 4cu.m/hrs,Emwat",B43942002,1
World Vision International,Subang,Blanket 50% wool 50% synthetic fibers,B27112002,2160
AECID,Panama,"Jerry can,semi-collaps.w/screw cap,10lt.",B36949104,100
AECID,Panama,"Water tank, collapsible, 5000lt, w/ramp",B36951202,3
AECID,Panama,"Water tank, collapsible, 5000lt, w/harn",B36956001,2
AECID,Panama,"Water tank, collapsible,10000lt,w/ramp",B36959202,3
AECID,Panama,Kit Motorpump Honda WB20XT,B43220014,3
ACH,Panama,"Rope, polyprop., 6mm x 250mt, twisted",B36899404,40
ACH,Panama,Fumigation Back Pack,B48525100,2
WFP/CRS,Subang,Distribution box/electrical kit,B46214003,5
JICA,Accra,Blanket 50% wool 50% synthetic fibers,B27112002,4475
WFP/CRS,Subang,"Ablution unit, prefab., hard wall E",B38713303,6
WFP/CRS,Subang,"Living, accommodation unit, hard wall E",B38713305,7
HANDICAP INTERNATIONAL FEDERATION,Dubai,"Blanket, 50% wool, 50% Fabric, 210x120cm",B27112008,2
HANDICAP INTERNATIONAL FEDERATION,Dubai,"Poncho, raincoat",B95000114,2
WFP/CRS,Subang,"Office, accommodation unit, hard wall E",B38713304,31
WFP/CRS,Dubai,"Ablution unit, prefab., hard wall E",B38713303,10
WFP/CRS,Dubai,"MRE, Western Menu",B23997213,85
WFP/CRS,Dubai,"MRE, hallal menu",B23997215,50
WFP/CRS,Dubai,"MRE, Vegetarian menu",B23997216,30
ACTION CONTRE LA FAIM,Dubai,"Plastic basin, 10 lt",B42912017,6109
SWISS RED CROSS,Subang,"Shelter, repair kit",B27163207,623
UNICEF SD,Accra,"Tent, 42sqm",B27163105,8
UNICEF SD,Accra,"Water Tank, collapsible 30000 lt",B36959227,2
WHO-HSE/GAR,Dubai,Water Purification Tablets NaDCC 8.5 mg,B43942023,20
WHO-HSE/GAR,Dubai,"Water distribution ramp, 6 hi flo taps",B91316301,10
AECID,Panama,"Buckets, 14L with Handle & Lid",B42912015,120
UNHCR,Accra,"Prefab, wareh, soft wall, 10x24 ALU, O",B27169704,4
WFP/CRS,Brindisi,"Generator, diesel, 5 Kva, I",B46114202,3
WFP/CRS,Brindisi,"Generator, diesel, 12.5 Kva, I",B46114204,4
UNDP,Brindisi,"Vehicle, Armour, LC200, diesel, RHD, VR6",B49162508,1
White Stock,Brindisi,"Prefab, wareh, soft wall, 10x32 ALU,2D O",B27169805,10
ITALY,Brindisi,"Squatting plate, latrines",B38831002,1540
OCHA/RDS,Brindisi,"Radio Manual, GM380 series, Motorola",B47211910,25
WFP/CRS,Dubai,"Generator,diesel,45kva w/spares &trailer",B46113604,5
ShelterBox,Panama,"Kitchen set, family type",B42912002,200
UNFPA,Accra,"Anaesthesia machine, Glory Plus Monitor",B48164401,2
UNICEF SD,Accra,Protective goggles,B36972929,5000
IRISH AID,Dubai,"Tent, family, tunnel shape",B27163222,600
WHO-HSE/GAR,Dubai,"Examination gloves Nitrile size M,100pcs",B36972965,760
WHO-HSE/GAR,Dubai,"Examination gloves Nitrile size L,100pcs",B36972966,1142
WHO-HSE/GAR,Dubai,"Examination gloves Nitrile sizeXL,100pcs",B36972967,341
AHA CENTRE,Subang,"Stationery kit, combo, for Office",B38910002,9
SAVE THE CHILDREN,Dubai,Personal Protective Equipment kit,B36972901,3
CARE,Dubai,"Aluminium sulphate, bag 25 Kg",B34246101,78
WFP/CRS,Brindisi,"Generator, diesel, 16 Kva, C",B46116321,5
WFP/RB Asia Bureau,Subang,"Pallet, plastic, 1.2x0.8mt light weight",B36999103,240
World Vision International,Dubai,"Prefab, wareh, soft wall, 10X24 ALU,2D O",B27169709,2
LUTHERAN WORLD RELIEF,Dubai,"Water purification unit, 25 liters",B91312401,95
WFP/CRS,Subang,"Conference Room, small, E",B38713306,2
ITALY,Brindisi,"Generator, diesel, 8 Kva, I",B46114203,18
ITALY,Brindisi,"Generator, diesel, 12.5 Kva, C",B46116320,5
ITALY,Brindisi,"Generator, diesel, 16 Kva, C",B46116321,7
WFP/RB Asia Bureau,Subang,"Generator, diesel, 16 Kva, wheel-mount.",B46116319,1
WFP/CRS,Brindisi,"Generator,diesel,45kva w/spares &trailer",B46113604,8
WFP/RB Asia Bureau,Subang,Stationery kit,B38910001,3
CARE,Dubai,"Self Adhesive Sign for latrine, 200 pcs",B36939401,4
CARE,Dubai,"Kit Bladder, 10000lt",B36959213,2
CARE,Dubai,"Buckets, 14L with Handle & Lid",B42912015,1996
CARE,Dubai,"Kit, motor pump, Petrol (30 m3/h) 2""",B43220008,2
Australian Aid Program,Subang,"Office, accommodation unit, hard wall E",B38713304,3
Australian Aid Program,Subang,Air cond. for prefabricated bldg E,B38713308,3
Australian Aid Program,Subang,Tool kit w/ladder for prefab. E,B42925505,3
White Stock,Accra,Air cond. for prefabricated bldg E,B38713308,6
CARE,Dubai,"Test stripes, chlorine, 50pcs FCTS",B43947001,110
CARE,Dubai,"DPD 1, Rapid, 250 tab(Chlorine test)",B43947911,342
WFP/CRS,Accra,"Generator, diesel, 16 Kva, wheel-mount.",B46116319,6
Australian Aid Program,Subang,"Prefab, wareh, soft wall, 10x24 ALU, G",B27169708,2
WFP/CRS,Accra,"Prefab, wareh, soft wall, 10X24 ALU,2D O",B27169709,6
WFP/CRS,Accra,"Prefab, wareh, soft wall, 10x32 ALU,2D O",B27169805,6
ShelterBox,Subang,"Rope, polyprop., 8mm x 250mt, twisted",B36899401,125
WFP/CRS,Subang,"Water tank, collapsible, 5000lt, w/ramp",B36951202,2
AHA CENTRE,Subang,"Toolkit, shelter",B42925105,2
WHO-ERM,Subang,"Water purification unit, 4cu.m/hrs,Emwat",B43942002,2
ITALY,Brindisi,NGO Medicines,B35010001,30
IRISH AID,Panama,"Mosquito net, 75d, 160x180x150 cm",B27321502,1000
WHO-HSE/GAR,Dubai,"Stretcher, foldable",B38151005,216
ADRA,Dubai,Kitchen Sets Type B,B42912006,1000
ShelterBox,Subang,"Shelter, repair kit",B27163207,1000
INTERSOS,Dubai,"Water pump, solar, system 06/04 REDBOX",B43229502,3
INTERSOS,Dubai,"Water pump, solar, system 06/02",B43229503,3
INTERSOS,Dubai,"Water pump, solar, system 04/05 REDBOX",B43229505,1
INTERSOS,Dubai,"Water pump, solar, system 04/03",B43229506,3
INTERSOS,Dubai,"Water pump, solar, system 02/02",B43229507,9
UNICEF SD,Accra,Surgical gown size XL,B36972908,16500
WFP/RB Asia Bureau,Subang,"Mobile hub, hardware kit",B27169008,4
Concern Worldwide,Dubai,"Mosquito net, 75d, 190x180x150 cm",B27321505,2000
KOREA INTERNATIONAL COOPERATION AGENCY,Panama,"Tarpaulin, woven plastic, 4x6mt",B27161601,1100
World Vision International,Dubai,"Spare Parts Kit, 4x4 Toyota Hilux LH",B49162529,3
World Vision International,Dubai,"Spare Parts Kit, 4x4 Toyota Hilux RH",B49162530,2
NORWEGIAN CHURCH AID,Dubai,"Prefab, wareh. soft wall,6.5x8mt, ALU O",B27169602,2
IRISH AID,Subang,"Tent, family, tunnel shape",B27163222,400
Australian Aid Program,Subang,Container 20',B49221301,6
WFP/CRS,Dubai,"Prefab, wareh, soft wall, 10x32 ALU,2D O",B27169805,27
WHO-HSE/GAR,Dubai,"Biopack 2 , 1.5L",B36899601,751
World Vision International,Dubai,"Blanket, fleece, medium thermal resist",B27112401,10000
OCHA/RDS,Brindisi,"Vehicle, Armour, LC 76, diesel, LHD, VR7",B49162531,1
Australian Aid Program,Subang,"Family tent, octagonal",B27163223,1000
IRISH AID,Accra,"Tent, family, tunnel shape",B27163222,230
WHO-HSE/GAR,Dubai,Safety boots size 39,B29531001,1504
WHO-HSE/GAR,Dubai,Boots size 43 (9) black with anti slip p,B36972941,421
WHO-HSE/GAR,Dubai,"Scrubs pants, size Large, reusable",B36994501,2199
WHO-HSE/GAR,Dubai,"Scrubs pants, size Medium, reusable",B36994502,2221
WHO-HSE/GAR,Dubai,"Scrubs tops, size Large, reusable",B36994503,2007
WHO-HSE/GAR,Dubai,"Scrubs tops, size Medium, reusable",B36994504,2405
ACTION CONTRE LA FAIM,Dubai,"Soap, laundry, pack of 14 units",B36221224,2060
ADRA,Dubai,"Tarpaulin, woven plastic, 4x6mt",B27161601,520
ADRA,Dubai,"Jerry can, collapsible,w/screw cap,10lt",B36949102,2000
MSF LOGISTIQUE,Dubai,"Tent, family type, 23 m2",B27163225,500
MSF LOGISTIQUE,Dubai,Winterization kit for Family tent 23 m2,B27163226,500
MSF LOGISTIQUE,Dubai,Cage for winter family tent 23m2,B27163227,27
MSF LOGISTIQUE,Dubai,Cage for family tent 23 m2,B27163228,34
UNHCR,Accra,"Tent, All weather, Family Type",B27163220,2601
WFP/CRS,Brindisi,Tool kit w/ladder for prefab. E,B42925505,2
SWISS RED CROSS,Subang,"Tent, multipurpose, 45 m�",B27163215,4
WFP/CRS,Accra,"Generator,diesel,45kva w/spares &trailer",B46113604,7
HANDICAP INTERNATIONAL FEDERATION,Dubai,"Water filter, 300 lt/h, community",B43942056,10
UNICEF SD,Accra,Early Childhood Development kit,B38431002,85
WFP/OMF,Dubai,Defensive Bastion MIL10 - 1unitX30mt,B38814004,8
WHO-HSE/GAR,Dubai,Surgical facemask(Box of 50),B36972946,314
WHO-HSE/GAR,Dubai,"Glove,exam,nitrile,sensicare, XL bx/45 p",B36994401,155
White Stock,Brindisi,Air cond. for prefabricated bldg E,B38713308,4
HANDICAP INTERNATIONAL FEDERATION,Dubai,"Tent, family, dome, 15sqm, red base 02",B27162001,562
AHA CENTRE,Subang,"Family, Hygiene kit",B95000116,11
Australian Aid Program,Subang,"Pedestal, drawer, for prefabricated bldg",B38713203,6
Australian Aid Program,Subang,"Cupboard, for prefabricated bldg",B38713204,3
Australian Aid Program,Subang,"Desk, folding, for prefabricated bldg",B38713205,6
Australian Aid Program,Subang,"Chair, gas lift, for prefabricated bldg",B38713206,6
Australian Aid Program,Subang,"Cabinet, filing, for prefabricated bldg",B38713207,3
Australian Aid Program,Subang,"Chair, folding, for prefabricated bldg",B38713406,6
WFP/CRS,Brindisi,"Prefab, wareh, soft wall, 10X24 ALU,2D O",B27169709,15
World Vision International,Subang,"Jerry can,semi-collaps.w/screw cap,10lt.",B36949104,3750
World Vision International,Panama,"Rope, polyprop., 8mm x 183mt, UV protect",B36899403,376
CATHOLIC RELIEF SERVICES,Dubai,"Tarpaulin,woven plastic,4x6mt with logo",B27161612,4500
WFP/RB Asia Bureau,Subang,Fencing kit,B42999301,3
IRISH AID,Brindisi,"Tent, family, tunnel shape",B27163222,200
ITALY,Brindisi,"Tent, family, tunnel shape",B27163222,229
TECHNO TARP & POLYMERS PVT LTD,Brindisi,"Tarpaulin, woven plastic, 4x60mt",B27161602,313
AHA CENTRE,Subang,"Living, accommodation unit, hard wall E",B38713305,2
AHA CENTRE,Subang,Air cond. for prefabricated bldg E,B38713308,2
AHA CENTRE,Subang,Tool kit w/ladder for prefab. E,B42925505,4
ITALY,Brindisi,"Water tank, collapsible, 5000lt, w/harn",B36956001,8
ITALY,Brindisi,"Water tank, collapsible,10000lt,w/ramp",B36959202,15
UNICEF SD,Accra,"Mask, Surgical,disposable, box of 50 pcs",B36972910,20000
World Vision International,Accra,"Rope, multifilament, polyprop.",B36899402,136
World Vision International,Dubai,"Tent, multipurpose, 32 sq.m approx",B27163001,1
World Vision International,Dubai,"Tent, for cold climate, 32sq.m. Ferrino",B27163202,5
Australian Aid Program,Subang,"Family, Hygiene kit",B95000116,1000
WFP/OMF,Brindisi,"Ballistic, helmet, size S",B36971103,2
World Vision International,Dubai,"Prefab., warehouse, soft wall,THAB 10x24",B27169701,1
World Vision International,Dubai,"Water purification unit, 15cu.m/hrs,Aqu",B43942001,1
World Vision International,Accra,"Jerry can,semi-collaps.w/screw cap,10lt.",B36949104,2400
UNICEF SD,Accra,"Tarpaulin, Polyeth Roll 4x50mt",B27161003,452
UNICEF SD,Accra,"Tent, Rectangular, 72 sq.m.",B27163101,15
UNICEF SD,Accra,"Plastic Mat,1.8 x 0.9m/box of 25 units",B38171302,10000
UNICEF SD,Accra,"School-in-a-carton, 40 students",B38980002,100
JOHANNITER,Dubai,"Wheelchair, emergency relief, size S",B48173501,16
JOHANNITER,Dubai,"Wheelchair, emergency relief, size M",B48173502,30
JOHANNITER,Dubai,"Wheelchair, emergency relief, size L",B48173503,15
JOHANNITER,Dubai,"Wheelchair, emergency relief, size XL",B48173504,3
AHA CENTRE,Subang,"Prefab, wareh, soft wall, 10x24 ALU, G",B27169708,4
Australian Aid Program,Subang,"Shelter, repair kit",B27163207,1000
AHA CENTRE,Subang,"Boat, Aluminium, 6-8 people, with engine",B86315102,3
UNICEF SD,Accra,"Mosquito net, 75d, 190x180x150 cm",B27321505,10000
White Stock,Dubai,"Prefab, wareh, soft wall, 10x32 ALU,2D O",B27169805,1
White Stock,Dubai,Container 20',B49221301,2
WFP/CRS,Brindisi,"Electrical kit, 110 v",B46214005,1
White Stock,Dubai,"Office, accommodation unit, hard wall E",B38713304,6
White Stock,Dubai,Air cond. for prefabricated bldg E,B38713308,13
ACH,Panama,Deep meter,B48294001,1
WFP/CRS,Dubai,"Prefab, wareh, soft wall, 10X24 ALU,2D O",B27169709,11
WFP/CRS,Panama,"Boat, aluminium, 6-8 people",B49441001,4
UNICEF SD,Accra,"Water Tank, collapsible 6000 lt",B36959224,5
UNICEF SD,Accra,"Water Tank, collapsible 10000 lt",B36959225,10
UNICEF SD,Accra,"Water Tank, collapsible 20000 lt",B36959226,5
CATHOLIC RELIEF SERVICES,Dubai,"Bladder, Trucking Kit, 6000lt",B36951401,6
CATHOLIC RELIEF SERVICES,Dubai,"Kit Bladder, 10000lt",B36959213,24
CATHOLIC RELIEF SERVICES,Dubai,"Taps, distribution ramps, 8 Taps",B43248501,6
WHO-HSE/GAR,Dubai,"Coverall size 2XL white tyvek, elastic",B36972964,1760
IRISH AID,Accra,"Tarpaulin, woven plastic, 4x6mt",B27161601,3400
IRISH AID,Brindisi,"Jerry can,semi-collaps.w/screw cap,10lt.",B36949104,3000
ITALY,Brindisi,"Jerry can,semi-collaps.w/screw cap,10lt.",B36949104,13600
Global Mercy Mission Project,Accra,Humanitarian Cargo,B95000001,1
WHO-HSE/GAR,Dubai,"Chlorine, NaDCC granules, 1Kg, pot",B43942039,196
ECHO,Dubai,"Tarpaulin, woven plastic, 4x6mt",B27161601,8562
WFP/CRS,Subang,"Pallet, plastic, 1.2x0.8mt light weight",B36999103,784
WFP/RB Asia Bureau,Subang,"Lighting system, indoor, for MSU (G)",B46530022,2
WFP/RB Asia Bureau,Subang,"Lighting system, outdoor, for MSU (G)",B46530023,2
WFP VISIBILITY ITEMS,Brindisi,"Flags, English, (145x95 cm)",B27193101,74
WFP VISIBILITY ITEMS,Brindisi,"Flags, French, (75x50 cm)",B27193104,60
WFP VISIBILITY ITEMS,Brindisi,"Sticker, WFP, English, Diam. 48 cm",B27193113,45
WFP VISIBILITY ITEMS,Brindisi,"Sticker, WFP, English, Diam. 34 cm",B27193114,50
WFP VISIBILITY ITEMS,Brindisi,"Sticker, WFP, English, 100X50 cm",B27193116,100
WFP VISIBILITY ITEMS,Brindisi,"Sticker, WFP, English, 60X30 cm",B27193118,250
WFP VISIBILITY ITEMS,Brindisi,"Sticker, WFP, English, 20X10 cm",B27193120,590
ITALY,Brindisi,"Boat,inflatable,w/eng.&acces.& saf.jack.",B49421013,10
ITALY,Brindisi,"Tarpaulin, woven plastic, 4x60mt",B27161602,65
ACTION CONTRE LA FAIM,Dubai,"Generator, diesel, 6kva 3x400V-1500rpm",B46113201,2
ACTION CONTRE LA FAIM,Dubai,"Generator, diesel, 5kva 1x240V-3000rpm",B46113202,2
ACTION CONTRE LA FAIM,Dubai,"Generator, diesel, 6kva 3x400V-3000rpm",B46113203,2
Australian Aid Program,Subang,"Pallet, plastic, 1.2x0.8mt light weight",B36999103,360
ACTION CONTRE LA FAIM,Dubai,Shelter kit,B27112018,3000
UNHCR,Accra,"Tarpaulin, Polyeth Roll 4x50mt",B27161003,196
WFP/CRS,Subang,"Generator,diesel,45kva w/spares &trailer",B46113604,10
WFP/CRS,Panama,"Generator,diesel,45kva w/spares &trailer",B46113604,7
WFP/CRS,Brindisi,"Flags, English, (145x95 cm)",B27193101,62
AHA CENTRE,Subang,Distribution box/electrical kit,B46214003,4
NORWEGIAN CHURCH AID,Dubai,Water Treatment Module,B43942045,4
NORWEGIAN CHURCH AID,Dubai,Water Supply Module,B43942046,4
NORWEGIAN CHURCH AID,Dubai,Sanitation Module,B43942047,4
NORWEGIAN CHURCH AID,Dubai,Hygiene Module,B43942048,4
WFP/CRS,Las Palmas,"Generator, diesel, 27kva w/spare parts,I",B35667103,1
WFP/CRS,Las Palmas,"Water stor. cont., collaps.,1000lt, 2x2",B36959203,2
WFP/CRS,Las Palmas,"Pallet, plastic, 1.2x1mt",B36999102,10
WFP/CRS,Las Palmas,"Bunk bed, for prefabricated bldg",B38713403,1
WFP/CRS,Las Palmas,"Mattress, for prefabricated bldg",B38713404,2
WFP/CRS,Las Palmas,"Box, storage and transit",B42231201,2
WFP/CRS,Las Palmas,"Scale, warehouse, 200 kg",B48233001,1
IRISH AID,Brindisi,"Kitchen set, family type",B42912002,1000
ITALY,Brindisi,"Kitchen set, family type",B42912002,3005
Australian Aid Program,Subang,"Lighting system, indoor, for MSU (G)",B46530022,4
Australian Aid Program,Subang,"Lighting system, outdoor, for MSU (G)",B46530023,4
White Stock,Subang,"Office, accommodation unit, hard wall E",B38713304,10
White Stock,Subang,Air cond. for prefabricated bldg E,B38713308,10
WFP/RB Asia Bureau,Subang,"Office, accommodation unit, hard wall E",B38713304,1
WFP/RB Asia Bureau,Subang,Air cond. for prefabricated bldg E,B38713308,1
ITALY,Brindisi,"Water purification unit, 4cu.m/hrs",B43942003,4
LUTHERAN WORLD RELIEF,Dubai,"Blanket, quilts, various size",B27112016,12375
White Stock,Dubai,"Prefab, wareh, soft wall, 10X24 ALU,2D O",B27169709,36
ECHO,Dubai,"Tent, family, tunnel shape",B27163222,504
NORWAY/OCHA,Brindisi,"Tarpaulin, woven plastic, 4x60mt",B27161602,4
SHANGHAI YANGFAN INDUSTRIAL CO.LTD,Dubai,"Tent, family, tunnel shape",B27163222,86
WFP/CRS,Brindisi,"Conference Room, large, E",B38713307,1
WHO/PAHO,Panama,"PPE, ebola kit",B36972001,163
WHO/PAHO,Panama,"PPE, ebola kit, supplementary",B36972002,9
WFP/CRS,Dubai,"Ballistic, helmet, size S",B36971103,4
WFP/CRS,Dubai,"Ballistic Vest w/WFP logo, Size S",B38811003,4
WFP/CRS,Subang,"Prefab, wareh, soft wall, 10x24 ALU, G",B27169708,15
WFP/OMF,Dubai,Defensive Bastion MIL1 -7unitsX10mt,B38814001,56
WFP VISIBILITY ITEMS,Brindisi,"Flags, English, (75x50 cm)",B27193103,170
ShelterBox,Dubai,"Tarpaulin, woven plastic, 4x6mt",B27161601,150
Australian Aid Program,Subang,"Water tank, collapsible, 5000lt, w/ramp",B36951202,2
WFP/CRS,Brindisi,"Lighting equipment, telesc., 8 Kva",B46530025,1
HANDICAP INTERNATIONAL FEDERATION,Dubai,Hand Pump for Wheel Chair,B43222001,168
KOREA INTERNATIONAL COOPERATION AGENCY,Panama,Family Tents 4x4m,B27163213,139
CATHOLIC RELIEF SERVICES,Dubai,"Prefab, wareh, soft wall, 10x32 ALU,2D O",B27169805,2
UNICEF SD,Accra,Latex Examination gloves size M- Box of,B36972932,2000
UNICEF SD,Accra,Latex Examination gloves size L,B36972933,2000
UNDP,Dubai,Headlamp & 3w solar charge,B43145101,80
UNDP,Dubai,"Lamp-phone charger, solar, 12v",B43145103,192
WHO-ERM,Subang,Surgical Supply Kit 100-10,B35667121,3
UNDP,Dubai,Solar power radio AM/FM,B47116001,100
INTERSOS,Brindisi,"Helmet, Mine Action",B36971111,2
INTERSOS,Brindisi,"Jacket, Mine Action",B36974601,1
INTERSOS,Brindisi,"Spatula, Mine Action",B37133501,3
INTERSOS,Brindisi,"Vest, Mine Action",B38811028,1
INTERSOS,Brindisi,"Shovel, Mine Action",B42921501,1
INTERSOS,Brindisi,"Shovel, Small, Mine Action",B42921502,1
INTERSOS,Brindisi,"Hack saw, Mine Action",B42931001,1
INTERSOS,Brindisi,"Pincer, Mine Action",B42935301,3
INTERSOS,Brindisi,"Pincer, small, Mine Action",B42935302,1
INTERSOS,Brindisi,"Hammer, Mine Action",B42941401,3
INTERSOS,Brindisi,"Atmoport suction unit, Mine Action",B48162401,1
INTERSOS,Brindisi,"Reanimation kit, Mine Action",B48162601,2
INTERSOS,Brindisi,"Defibrillator, Mine Action",B48168203,1
INTERSOS,Brindisi,"Metal Detector, Mine Action",B48269801,4
World Vision International,Accra,"Jerry can, collapsible,w/screw cap,10lt",B36949102,3600
Australian Aid Program,Subang,"Mobile hub, hardware kit",B27169008,3
Australian Aid Program,Subang,Stationery kit,B38910001,3
WHO-HSE/GAR,Dubai,"Safety Box 5L, 25 pcs",B48139701,2316
WFP/CRS,Brindisi,"Office, accommodation unit, hard wall E",B38713304,48
WFP/CRS,Brindisi,Air cond. for prefabricated bldg E,B38713308,70
OCHA/RDS,Dubai,"Office, accommodation unit, hard wall E",B38713304,6
OCHA/RDS,Dubai,"Living, accommodation unit, hard wall E",B38713305,6
OCHA/RDS,Dubai,Air cond. for prefabricated bldg E,B38713308,12
ShelterBox,Accra,"Mosquito net, 100% polyester",B27321501,1000
Australian Aid Program,Subang,Distribution box/electrical kit,B46214003,3
WFP/RB Asia Bureau,Subang,"Pedestal, drawer, for prefabricated bldg",B38713203,2
WFP/RB Asia Bureau,Subang,"Cupboard, for prefabricated bldg",B38713204,1
WFP/RB Asia Bureau,Subang,"Desk, folding, for prefabricated bldg",B38713205,2
WFP/RB Asia Bureau,Subang,"Chair, gas lift, for prefabricated bldg",B38713206,2
WFP/RB Asia Bureau,Subang,"Cabinet, filing, for prefabricated bldg",B38713207,1
WFP/CRS,Subang,"Lighting system, outdoor, for MSU (G)",B46530023,2
INTERSOS,Brindisi,"Bed protection, waterproof, disposable",B48740901,3840
WFP/CRS,Dubai,"Generator, diesel, 50Kva, w/road trailer",B46113605,6
WHO-HSE/GAR,Dubai,Surgical gown size XXL,B28272602,2184
White Stock,Brindisi,"Lighting system, indoor, for MSU 10x32 O",B46530026,10
HANDICAP INTERNATIONAL FEDERATION,Dubai,"Wheelchair, emergency relief, size S",B48173501,24
HANDICAP INTERNATIONAL FEDERATION,Dubai,"Wheelchair, emergency relief, size M",B48173502,41
HANDICAP INTERNATIONAL FEDERATION,Dubai,"Wheelchair, emergency relief, size L",B48173503,22
HANDICAP INTERNATIONAL FEDERATION,Dubai,"Wheelchair, emergency relief, size XL",B48173504,9
WFP/RB Asia Bureau,Subang,"Chair, folding, for prefabricated bldg",B38713406,2
World Vision International,Dubai,V- SAT  Network Kit,B46740001,1
World Vision International,Dubai,V- SAT Tool Kit,B46740002,1
WFP/CRS,Subang,"Pallet, plastic, 1.2x0.8mt, reinforced",B36999104,560
WHO-HSE/GAR,Dubai,"Face mask Type FFP2, NR D, box 50 pieces",B36972958,636
WHO-HSE/GAR,Dubai,"Heavy, gloves, pair",B36973301,15763
WHO-HSE/GAR,Dubai,"VFlex Respirator 9105 , N95 Bx/50 pcs",B36973701,588
WFP/CRS,Accra,"Ablution unit, prefab., hard wall E",B38713303,1
INTERNATIONAL RESCUE COMMITTEE,Dubai,"Team kit, (base camp)",B27160002,1
INTERNATIONAL RESCUE COMMITTEE,Dubai,IT kit for office,B46711301,1
HANDICAP INTERNATIONAL FEDERATION,Dubai,"Wheelchair, children, adjustable",B48173801,6
HANDICAP INTERNATIONAL FEDERATION,Dubai,"Wheelchair, children, foldable",B48173802,2
World Vision International,Subang,"Jerry can, collapsible,w/screw cap,10lt",B36949102,13700
WFP/CRS,Dubai,"Generator, diesel, 16 Kva, wheel-mount.",B46116319,8
UNHCR,Accra,"Mosquito net, 75d, 190x180x150 cm",B27321505,36900
WFP/CRS,Subang,Distribution box/electrical kit 14-18Kva,B46214006,9
WHO-HSE/GAR,Dubai,"Coverall white size XXL, 20/case",B36972949,86
WHO-HSE/GAR,Dubai,"Coverall white size XL, 20/case",B36972950,76
WHO-HSE/GAR,Dubai,"Coverall white size M, 20/case",B36972951,113
AHA CENTRE,Subang,"Desk, folding, for prefabricated bldg",B38713205,48
AHA CENTRE,Subang,"Table, folding for prefabricated bldg",B38713209,2
AHA CENTRE,Subang,"Bunk bed, for prefabricated bldg",B38713403,2
White Stock,Brindisi,"Prefab, wareh, soft wall, 10X24 ALU,2D O",B27169709,2
INTERSOS,Brindisi,"Tarpaulin, woven plastic, 4x6mt",B27161601,50
INTERSOS,Dubai,"Water pump, solar, system 06/04",B43229501,1
AHA CENTRE,Subang,"Mattress, for prefabricated bldg",B38713404,4
AHA CENTRE,Subang,"Wardrobe, for prefabricated bldg",B38713405,2
AHA CENTRE,Subang,"Chair, folding, for prefabricated bldg",B38713406,94
WHO-EMRO (EHA),Dubai,"Generator, diesel, 45 Kva, model PM45C",B46116322,3
WHO-EMRO (EHA),Dubai,"Generator, diesel, 60 Kva, model PM60C",B46116324,4
Concern Worldwide,Dubai,"Prefab, wareh, soft wall, 10X24 ALU,2D O",B27169709,1
ACTION CONTRE LA FAIM,Dubai,Dewatering pump Kit,B43220019,1
